__v,_id,create_by,createdAt,del_flg,h_category,h_date,h_name,update_by,updatedAt
0,64632c27a328c083f208f7d1,6462deb5d51b944257e6d045,2023-05-16T07:09:27.868Z,false,6463288858d9e55164a156c8,2023-05-16T07:09:27.859Z,Offical Holiday,6462def3d51b944257e6d04b,2023-05-16T07:09:27.868Z
0,6463909e705cf369a2755a88,6462deb5d51b944257e6d045,2023-05-16T14:18:06.426Z,false,6463894d0cd998c4ec4c15d9,2023-08-06T20:34:16.620Z,esse ad reiciendis,,2023-05-16T14:18:06.426Z
0,6463909e705cf369a2755a89,6462deb5d51b944257e6d045,2023-05-16T14:18:06.426Z,false,6463894d0cd998c4ec4c15d9,2023-11-10T18:52:34.642Z,sunt debitis libero,,2023-05-16T14:18:06.426Z
0,6463909e705cf369a2755a8a,6462deb5d51b944257e6d045,2023-05-16T14:18:06.427Z,false,6463288858d9e55164a156c8,2023-06-13T11:47:40.152Z,corporis accusamus repellendus,,2023-05-16T14:18:06.427Z
0,6463909e705cf369a2755a8b,6462deb5d51b944257e6d045,2023-05-16T14:18:06.427Z,false,6463288858d9e55164a156c8,2024-04-30T13:43:54.452Z,voluptate nesciunt magni,,2023-05-16T14:18:06.427Z
0,6463909e705cf369a2755a8c,6462deb5d51b944257e6d045,2023-05-16T14:18:06.427Z,false,6463894d0cd998c4ec4c15d6,2024-04-24T04:45:06.322Z,deleniti a animi,,2023-05-16T14:18:06.427Z
0,6463909e705cf369a2755a8d,6462deb5d51b944257e6d045,2023-05-16T14:18:06.427Z,false,6463288858d9e55164a156c8,2024-01-01T10:25:36.466Z,corrupti consequuntur modi,,2023-05-16T14:18:06.427Z
0,6463909e705cf369a2755a8e,6462deb5d51b944257e6d045,2023-05-16T14:18:06.427Z,false,6463288858d9e55164a156c8,2024-04-20T10:41:05.580Z,at doloremque architecto,,2023-05-16T14:18:06.427Z
0,6463909e705cf369a2755a8f,6462deb5d51b944257e6d045,2023-05-16T14:18:06.427Z,false,6463894d0cd998c4ec4c15d6,2024-01-22T19:36:05.884Z,numquam temporibus totam,,2023-05-16T14:18:06.427Z
0,6463909e705cf369a2755a90,6462deb5d51b944257e6d045,2023-05-16T14:18:06.428Z,false,6463894d0cd998c4ec4c15d5,2023-07-07T15:43:30.705Z,non nostrum vitae,,2023-05-16T14:18:06.428Z
0,6463909e705cf369a2755a91,6462deb5d51b944257e6d045,2023-05-16T14:18:06.428Z,false,6463288858d9e55164a156c8,2024-01-06T13:43:35.031Z,nostrum ea accusantium,,2023-05-16T14:18:06.428Z