__v,_id,create_by,createdAt,del_flg,t_name,update_by,updatedAt
0,6462df19d51b944257e6d04d,6462deb5d51b944257e6d045,2023-05-16T01:40:41.196Z,false,North Dagon,,2023-05-16T01:40:41.196Z
0,6462e0b18ea34006c4cfc6e6,6462deb5d51b944257e6d045,2023-05-16T01:47:29.239Z,false,South Oakkalar ,6462def3d51b944257e6d04b,2023-05-16T01:47:29.239Z
0,6462e0de38154090db5254e4,6462deb5d51b944257e6d045,2023-05-16T01:48:14.791Z,false,South Dagon ,6462def3d51b944257e6d04b,2023-05-16T01:48:14.791Z
0,64638786cb951c9bd07427e0,6462deb5d51b944257e6d045,2023-05-16T13:39:18.894Z,false,South Jessika,,2023-05-16T13:39:18.894Z
0,64638786cb951c9bd07427e1,6462deb5d51b944257e6d045,2023-05-16T13:39:18.894Z,false,Boyerstead,,2023-05-16T13:39:18.894Z
0,64638786cb951c9bd07427e2,6462deb5d51b944257e6d045,2023-05-16T13:39:18.895Z,false,Fort Estellachester,,2023-05-16T13:39:18.895Z
0,64638786cb951c9bd07427e3,6462deb5d51b944257e6d045,2023-05-16T13:39:18.895Z,false,Quigleyboro,,2023-05-16T13:39:18.895Z
0,64638786cb951c9bd07427e4,6462deb5d51b944257e6d045,2023-05-16T13:39:18.895Z,false,East Jaydeworth,,2023-05-16T13:39:18.895Z
0,64638786cb951c9bd07427e5,6462deb5d51b944257e6d045,2023-05-16T13:39:18.895Z,false,West Jonatan,,2023-05-16T13:39:18.895Z
0,64638786cb951c9bd07427e6,6462deb5d51b944257e6d045,2023-05-16T13:39:18.895Z,false,West Jeffereyfurt,,2023-05-16T13:39:18.895Z
0,64638786cb951c9bd07427e7,6462deb5d51b944257e6d045,2023-05-16T13:39:18.895Z,false,West Jolie,,2023-05-16T13:39:18.895Z
0,64638786cb951c9bd07427e8,6462deb5d51b944257e6d045,2023-05-16T13:39:18.895Z,false,Fernandostead,,2023-05-16T13:39:18.895Z
0,64638786cb951c9bd07427e9,6462deb5d51b944257e6d045,2023-05-16T13:39:18.895Z,false,Larkinview,,2023-05-16T13:39:18.895Z