__v,_id,create_by,createdAt,d_id,del_flg,e_id,ed_join_date,ed_position,update_by,updatedAt
0,646312781b96a3a4093b1004,6462deb5d51b944257e6d045,2023-05-16T05:19:52.232Z,64630f7fdc0768819d480460,false,6462fef46bdcdf124e7119a8,2023-05-16T05:19:52.221Z,Developer,6462def3d51b944257e6d04b,2023-05-16T05:19:52.232Z
0,64638e897c914d389bd2c184,6462deb5d51b944257e6d045,2023-05-16T14:09:13.843Z,64638df6902fde8078e17774,false,64638dc9917586a854be470b,2023-05-16T05:06:39.226Z,District Marketing Supervisor,,2023-05-16T14:09:13.843Z
0,64638e897c914d389bd2c185,6462deb5d51b944257e6d045,2023-05-16T14:09:13.843Z,64638df6902fde8078e17772,false,64638dc9917586a854be4709,2023-05-15T14:29:23.584Z,National Optimization Technician,,2023-05-16T14:09:13.843Z
0,64638e897c914d389bd2c186,6462deb5d51b944257e6d045,2023-05-16T14:09:13.843Z,64638df6902fde8078e17774,false,64638dc9917586a854be4708,2023-05-15T19:51:21.723Z,Corporate Operations Planner,,2023-05-16T14:09:13.843Z
0,64638e897c914d389bd2c187,6462deb5d51b944257e6d045,2023-05-16T14:09:13.843Z,64638df6902fde8078e17772,false,64638dc9917586a854be470b,2023-05-15T17:40:43.149Z,National Group Associate,,2023-05-16T14:09:13.843Z
0,64638e897c914d389bd2c188,6462deb5d51b944257e6d045,2023-05-16T14:09:13.844Z,64638df6902fde8078e17771,false,64638dc9917586a854be470c,2023-05-15T16:01:17.516Z,Chief Applications Consultant,,2023-05-16T14:09:13.844Z
0,64638e897c914d389bd2c189,6462deb5d51b944257e6d045,2023-05-16T14:09:13.844Z,64638df6902fde8078e17774,false,64638dc9917586a854be470e,2023-05-15T23:38:43.954Z,Central Functionality Engineer,,2023-05-16T14:09:13.844Z
0,64638e897c914d389bd2c18a,6462deb5d51b944257e6d045,2023-05-16T14:09:13.844Z,64638df6902fde8078e17771,false,64638dc9917586a854be470a,2023-05-15T21:34:16.564Z,Global Division Liaison,,2023-05-16T14:09:13.844Z
0,64638e897c914d389bd2c18b,6462deb5d51b944257e6d045,2023-05-16T14:09:13.844Z,64638df6902fde8078e17771,false,64638dc9917586a854be4709,2023-05-15T21:50:39.532Z,International Mobility Facilitator,,2023-05-16T14:09:13.844Z
0,64638e897c914d389bd2c18c,6462deb5d51b944257e6d045,2023-05-16T14:09:13.844Z,64638df6902fde8078e17773,false,64638dc9917586a854be470c,2023-05-16T08:21:12.472Z,Chief Program Designer,,2023-05-16T14:09:13.844Z
0,64638e897c914d389bd2c18d,6462deb5d51b944257e6d045,2023-05-16T14:09:13.844Z,64638df6902fde8078e17774,false,64638dc9917586a854be470a,2023-05-16T00:19:16.383Z,Product Paradigm Officer,,2023-05-16T14:09:13.844Z